Workbook
Name SanDsk: Loading!$B$3:$S$142

Sheet Illustration
C1: Demo scope:
C2: Station: | D2: DA&WB
C3: Object: | D3: Machine and Operator who directly handle the machine, not consider the job of dedicated material handler and technician or others
C4: Main purpose in this demo:
B5: 1 | C5: Simulate the actual production flow
B6: 2 | C6: Simulate the machine and operator utilization
B7: 3 | C7: Analyse the throughput/WIP/cycle time/machine utilization/bottleneck
C9: Production flow&logic
B10: 1 | C10: Continuously load this 140 work orders according to the start day and natural sequence, can combine the same PN's work order that with same start day
B11: 2 | C11: Run the demo for 7 days
B12: 3 | C12: Assume all material are provided by dedicated material handler in time at the beginning if DA, the WIP chansfer between DA&WB is handled by material handler too.
B13: 4 | C13: All the PNs require DA&WB process
B14: 5 | C14: Batch size at each station are defined as below:
C15: Station | D15: Batch size | E15: Machine allocation | F15: Remark
C16: DA | D16: Sub-lot | E16: 1 Sub-lot on 1 set machine | F16: Sub-lot qty is M-lot batch size divided by sub-lot batch size, if the residual unit qty is less than 1 magazine batch size combine it to the last sub-lot, otherwize dispose it as a separate sub-lot
C17: WB | D17: Sub-lot | E17: 1 magazine on 1 set machine
B18: 6 | C18: After DA finished, the batch should be transferred to WB follow below rules:
C19: 3.1 | D19: If there are free machines, choose the nearest machine | I19: how to transfer? In batch or individual? | M19: sublot
C20: 3.2 | D20: If there is no free machine,hold the batch at DA | I20: Does holding at DA affect the next order/production? | N20: each mechaine 一个台车，不影响本台机器继续加工
B21: 7 | C21: FIFO
B22: 8 | C22: Assume the yield is all 100% | I22: don't consider scraping? | M22: 不考虑
I23: relationship among M-lot,sub-lot,magazine,strip,die,unit
C24: Output requirement
C25: -Throughput(Sublot&unit) per day by station | I25: 生产是连续的？还是下班时间就停机？
C26: -WIP daily status (by each end of day) | I26: ？
C27: -Machine utilization by station(daily and overall) | I27: 工作量的问题，无法实现每台机器的状态统计
C28: -Bottleneck station
C29: -Sublot cycle time by PN(include overall cycle time and every single sublot cycle time) | I29: ？
C30: -Operator work effeciency(daily and overall) | I30: 工作负荷？
C33: 设备之间的距离？ | E33: 不考虑，将行走时间纳入operator的处理时间
C34: 9:00-21:00

Sheet Process
G2: FE production flow

Sheet MC qty&MMR
A1: Station | B1: MC qty | C1: Man/Machine rate | D1: Operator qty | E1: MC Utilization
A2: DA | B2: 108 | C2: 1/6 | D2: 18 | E2: 0.9
A3: WB | B3: 288 | C3: 1/12 | D3: 24 | E3: 0.85
D4: 每个班次的人数，工厂分两班运转

Sheet Man&MC status
A1: 1 | B1: The operator&machine status is defined as follow:
B2: Operator | C2: Remark
B3: Busy | C3: Regular job+MTTR-Operator | G3: MTTR－mean time to repair
B4: free
G5: MTBF-mean time between failures
B6: Machine | C6: Remark
B7: Run
B8: Conversion | C8: Change over
B9: Down | C9: MTTR-Operator/Technician
B10: Idle
A12: 2 | B12: Operator regular job and Machine conversion/down time
B13: Operator regular job | C13: DA | D13: WB | E13: Operator status | F13: Machine status | G13: Remark
B14: Sub-lot in | C14: 3 | D14: 3 | E14: Busy | F14: Run
B15: Sub-lot out | C15: 3 | D15: 5 | E15: Busy | F15: Run
A16: ？ | B16: Sample check/sub lot | C16: 3 | D16: 8 | E16: Busy | F16: Run | G16: Operator can do sample check at any time when lot finished
B18: Machine | C18: DA | D18: WB | E18: Operator status | F18: Machine status | G18: Remark
B19: Change over | C19: 10 | D19: 10 | E19: Busy | F19: Conversion | G19: Need change over when PN change
B20: MTBF-Operator | C20: 30 | D20: 30 | F20: Run
B21: MTTR-Operator | C21: 0.5 | D21: 0.5 | E21: Busy | F21: Down
B22: MTBF-Technician | C22: 60 | D22: 60 | F22: Run
B23: MTTR--Technician | C23: 3 | D23: 5 | F23: Down
C24: minutes

Sheet Loading
F1: 订单数量 | G1: 日期何用？ | I1: 每个wafer上的可用die的数量 | L1: 25片wafer是一个Mother-lot | N1: 每台设备的加工能力Unit/hr | O1: Unit/hr | P1: Scenario 1 | R1: Scenario 2
B2: Order Number | C2: Material | D2: pkg | E2: die | F2: Order Qty | G2: Basic Start Date/STO Created Date | H2: Basic End Date/STO Goods Issue Date | I2: Good die | J2: Unit/strip | K2: Strip/magazine | L2: M-Lot batch size | M2: Magazine batch size | N2: DA | O2: WB | P2: Magazine/ sub-lot | Q2: Sub-lot batch size | R2: Magazine/ sub-lot | S2: Sub-lot batch size
A3: 1 | B3: 39568872 | C3: 54-82-06534-002G | D3: LGA11X15 | E3: 1 | F3: 20957 | G3: 40923 | H3: 40929 | I3: 520 | J3: 80 | K3: 20 | L3: =I3*25/E3 -> 13000 | M3: =K3*J3 -> 1600 | N3: 944 | O3: 300 | P3: 4 | Q3: =P3*M3 -> 6400 | R3: 2 | S3: =M3*R3 -> 3200 | U3: DA环节可能同时加工
A4: =A3+1 -> 2 | B4: 39595268 | C4: 54-82-07808-002G | D4: LGA11X15 | E4: 1 | F4: 200600 | G4: 40920 | H4: 40927 | I4: 860 | J4: 80 | K4: 20 | L4: =I4*25/E4 -> 21500 | M4: =K4*J4 -> 1600 | N4: 944.18605 | O4: 360 | P4: 4 | Q4: =P4*M4 -> 6400 | R4: 2 | S4: =M4*R4 -> 3200
A5: =A4+1 -> 3 | B5: 39567356 | C5: 54-82-08505-016G | D5: DDLGA11X15 | E5: 2 | F5: 19835 | G5: 40923 | H5: 40931 | I5: 360 | J5: 80 | K5: 20 | L5: =I5*25/E5 -> 4500 | M5: =K5*J5 -> 1600 | N5: 624 | O5: 190 | P5: 4 | Q5: =P5*M5 -> 6400 | R5: 2 | S5: =M5*R5 -> 3200
A6: =A5+1 -> 4 | B6: 39595810 | C6: 54-82-08505-016G | D6: DDLGA11X15 | E6: 2 | F6: 37988 | G6: 40917 | H6: 40925 | I6: 360 | J6: 80 | K6: 20 | L6: =I6*25/E6 -> 4500 | M6: =K6*J6 -> 1600 | N6: 624 | O6: 190 | P6: 4 | Q6: =P6*M6 -> 6400 | R6: 2 | S6: =M6*R6 -> 3200
A7: =A6+1 -> 5 | B7: 39564037 | C7: 54-82-08505-016G | D7: DDLGA11X15 | E7: 2 | F7: 16 | G7: 40920 | H7: 40928 | I7: 360 | J7: 80 | K7: 20 | L7: =I7*25/E7 -> 4500 | M7: =K7*J7 -> 1600 | N7: 624 | O7: 190 | P7: 4 | Q7: =P7*M7 -> 6400 | R7: 2 | S7: =M7*R7 -> 3200
A8: =A7+1 -> 6 | B8: 39761056 | C8: 54-82-08505-016G | D8: DDLGA11X15 | E8: 2 | F8: 4252 | G8: 40917 | H8: 40925 | I8: 360 | J8: 80 | K8: 20 | L8: =I8*25/E8 -> 4500 | M8: =K8*J8 -> 1600 | N8: 624 | O8: 190 | P8: 4 | Q8: =P8*M8 -> 6400 | R8: 2 | S8: =M8*R8 -> 3200
A9: =A8+1 -> 7 | B9: 39559637 | C9: 54-82-08505-016G | D9: DDLGA11X15 | E9: 2 | F9: 12099 | G9: 40920 | H9: 40928 | I9: 360 | J9: 80 | K9: 20 | L9: =I9*25/E9 -> 4500 | M9: =K9*J9 -> 1600 | N9: 624 | O9: 190 | P9: 4 | Q9: =P9*M9 -> 6400 | R9: 2 | S9: =M9*R9 -> 3200
A10: =A9+1 -> 8 | B10: 39559636 | C10: 54-82-08505-016G | D10: DDLGA11X15 | E10: 2 | F10: 2186 | G10: 40920 | H10: 40928 | I10: 360 | J10: 80 | K10: 20 | L10: =I10*25/E10 -> 4500 | M10: =K10*J10 -> 1600 | N10: 624 | O10: 190 | P10: 4 | Q10: =P10*M10 -> 6400 | R10: 2 | S10: =M10*R10 -> 3200
A11: =A10+1 -> 9 | B11: 39562812 | C11: 54-82-08505-016G | D11: DDLGA11X15 | E11: 2 | F11: 2789 | G11: 40920 | H11: 40928 | I11: 360 | J11: 80 | K11: 20 | L11: =I11*25/E11 -> 4500 | M11: =K11*J11 -> 1600 | N11: 624 | O11: 190 | P11: 4 | Q11: =P11*M11 -> 6400 | R11: 2 | S11: =M11*R11 -> 3200
A12: =A11+1 -> 10 | B12: 39562813 | C12: 54-82-08505-016G | D12: DDLGA11X15 | E12: 2 | F12: 456 | G12: 40920 | H12: 40928 | I12: 360 | J12: 80 | K12: 20 | L12: =I12*25/E12 -> 4500 | M12: =K12*J12 -> 1600 | N12: 624 | O12: 190 | P12: 4 | Q12: =P12*M12 -> 6400 | R12: 2 | S12: =M12*R12 -> 3200
A13: =A12+1 -> 11 | B13: 39595272 | C13: 54-82-08087-008G | D13: LGA11X15 | E13: 1 | F13: 5551 | G13: 40920 | H13: 40927 | I13: 360 | J13: 80 | K13: 20 | L13: =I13*25/E13 -> 9000 | M13: =K13*J13 -> 1600 | N13: 877.5 | O13: 300 | P13: 4 | Q13: =P13*M13 -> 6400 | R13: 2 | S13: =M13*R13 -> 3200
A14: =A13+1 -> 12 | B14: 39563264 | C14: 54-82-08087-008G | D14: LGA11X15 | E14: 1 | F14: 44174 | G14: 40919 | H14: 40926 | I14: 360 | J14: 80 | K14: 20 | L14: =I14*25/E14 -> 9000 | M14: =K14*J14 -> 1600 | N14: 877.5 | O14: 300 | P14: 4 | Q14: =P14*M14 -> 6400 | R14: 2 | S14: =M14*R14 -> 3200
A15: =A14+1 -> 13 | B15: 39569474 | C15: 54-82-08206-016G | D15: DDLGA11X15 | E15: 2 | F15: 4557 | G15: 40920 | H15: 40928 | I15: 360 | J15: 80 | K15: 20 | L15: =I15*25/E15 -> 4500 | M15: =K15*J15 -> 1600 | N15: 624 | O15: 190 | P15: 4 | Q15: =P15*M15 -> 6400 | R15: 2 | S15: =M15*R15 -> 3200
... A142: =A141+1 -> 140 | B142: 39595265 | C142: 54-82-08948-004G | D142: LGA11X15 | E142: 1 | F142: 15005 | G142: 40920 | H142: 40926 | I142: 556 | J142: 80 | K142: 20 | L142: =I142*25/E142 -> 13900 | M142: =K142*J142 -> 1600 | N142: 944.18605 | O142: 300 | P142: 4 | Q142: =P142*M142 -> 6400 | R142: 2 | S142: =M142*R142 -> 3200

Sheet Sheet1
L1: Hr/Magazine | M1: Hr/Magazine | N1: Units/hr
C2: Order Number | D2: Die | E2: Order Qty | F2: Unit/Strip | G2: Strip/Magazine | H2: Magazine/Sub-lot | I2: Total Strip | J2: PN | K2: Total Mag | L2: DA | M2: WB | N2: DA | O2: WB
B3: 1 | C3: =Loading!B3 -> 39568872 | D3: =Loading!E3 -> 1 | E3: =Loading!F3 -> 20957 | F3: =Loading!J3 -> 80 | G3: =Loading!K3 -> 20 | H3: =Loading!P3 -> 4 | I3: =ROUND(E3/F3,0) -> 262 | J3: =Loading!C3 -> 54-82-06534-002G | K3: =ROUND(I3/G3,0) -> 13 | L3: =ROUND(F3*G3/N3,2) -> 1.69 | M3: =ROUND(F3*G3/O3,2) -> 5.33 | N3: =ROUND(Loading!N3,2) -> 944 | O3: =Loading!O3 -> 300
B4: =B3+1 -> 2 | C4: =Loading!B4 -> 39595268 | D4: =Loading!E4 -> 1 | E4: =Loading!F4 -> 200600 | F4: =Loading!J4 -> 80 | G4: =Loading!K4 -> 20 | H4: =Loading!P4 -> 4 | I4: =ROUND(E4/F4,0) -> 2508 | J4: =Loading!C4 -> 54-82-07808-002G | K4: =ROUND(I4/G4,0) -> 125 | L4: =ROUND(F4*G4/N4,2) -> 1.69 | M4: =ROUND(F4*G4/O4,2) -> 4.44 | N4: =ROUND(Loading!N4,2) -> 944.19 | O4: =Loading!O4 -> 360
B5: =B4+1 -> 3 | C5: =Loading!B5 -> 39567356 | D5: =Loading!E5 -> 2 | E5: =Loading!F5 -> 19835 | F5: =Loading!J5 -> 80 | G5: =Loading!K5 -> 20 | H5: =Loading!P5 -> 4 | I5: =ROUND(E5/F5,0) -> 248 | J5: =Loading!C5 -> 54-82-08505-016G | K5: =ROUND(I5/G5,0) -> 12 | L5: =ROUND(F5*G5/N5,2) -> 2.56 | M5: =ROUND(F5*G5/O5,2) -> 8.42 | N5: =ROUND(Loading!N5,2) -> 624 | O5: =Loading!O5 -> 190
B6: =B5+1 -> 4 | C6: =Loading!B6 -> 39595810 | D6: =Loading!E6 -> 2 | E6: =Loading!F6 -> 37988 | F6: =Loading!J6 -> 80 | G6: =Loading!K6 -> 20 | H6: =Loading!P6 -> 4 | I6: =ROUND(E6/F6,0) -> 475 | J6: =Loading!C6 -> 54-82-08505-016G | K6: =ROUND(I6/G6,0) -> 24 | L6: =ROUND(F6*G6/N6,2) -> 2.56 | M6: =ROUND(F6*G6/O6,2) -> 8.42 | N6: =ROUND(Loading!N6,2) -> 624 | O6: =Loading!O6 -> 190
B7: =B6+1 -> 5 | C7: =Loading!B7 -> 39564037 | D7: =Loading!E7 -> 2 | E7: =Loading!F7 -> 16 | F7: =Loading!J7 -> 80 | G7: =Loading!K7 -> 20 | H7: =Loading!P7 -> 4 | I7: 1 | J7: =Loading!C7 -> 54-82-08505-016G | K7: =ROUND(I7/G7,0) -> 0 | L7: =ROUND(F7*G7/N7,2) -> 2.56 | M7: =ROUND(F7*G7/O7,2) -> 8.42 | N7: =ROUND(Loading!N7,2) -> 624 | O7: =Loading!O7 -> 190
B8: =B7+1 -> 6 | C8: =Loading!B8 -> 39761056 | D8: =Loading!E8 -> 2 | E8: =Loading!F8 -> 4252 | F8: =Loading!J8 -> 80 | G8: =Loading!K8 -> 20 | H8: =Loading!P8 -> 4 | I8: =ROUND(E8/F8,0) -> 53 | J8: =Loading!C8 -> 54-82-08505-016G | K8: =ROUND(I8/G8,0) -> 3 | L8: =ROUND(F8*G8/N8,2) -> 2.56 | M8: =ROUND(F8*G8/O8,2) -> 8.42 | N8: =ROUND(Loading!N8,2) -> 624 | O8: =Loading!O8 -> 190
B9: =B8+1 -> 7 | C9: =Loading!B9 -> 39559637 | D9: =Loading!E9 -> 2 | E9: =Loading!F9 -> 12099 | F9: =Loading!J9 -> 80 | G9: =Loading!K9 -> 20 | H9: =Loading!P9 -> 4 | I9: =ROUND(E9/F9,0) -> 151 | J9: =Loading!C9 -> 54-82-08505-016G | K9: =ROUND(I9/G9,0) -> 8 | L9: =ROUND(F9*G9/N9,2) -> 2.56 | M9: =ROUND(F9*G9/O9,2) -> 8.42 | N9: =ROUND(Loading!N9,2) -> 624 | O9: =Loading!O9 -> 190
B10: =B9+1 -> 8 | C10: =Loading!B10 -> 39559636 | D10: =Loading!E10 -> 2 | E10: =Loading!F10 -> 2186 | F10: =Loading!J10 -> 80 | G10: =Loading!K10 -> 20 | H10: =Loading!P10 -> 4 | I10: =ROUND(E10/F10,0) -> 27 | J10: =Loading!C10 -> 54-82-08505-016G | K10: =ROUND(I10/G10,0) -> 1 | L10: =ROUND(F10*G10/N10,2) -> 2.56 | M10: =ROUND(F10*G10/O10,2) -> 8.42 | N10: =ROUND(Loading!N10,2) -> 624 | O10: =Loading!O10 -> 190
B11: =B10+1 -> 9 | C11: =Loading!B11 -> 39562812 | D11: =Loading!E11 -> 2 | E11: =Loading!F11 -> 2789 | F11: =Loading!J11 -> 80 | G11: =Loading!K11 -> 20 | H11: =Loading!P11 -> 4 | I11: =ROUND(E11/F11,0) -> 35 | J11: =Loading!C11 -> 54-82-08505-016G | K11: =ROUND(I11/G11,0) -> 2 | L11: =ROUND(F11*G11/N11,2) -> 2.56 | M11: =ROUND(F11*G11/O11,2) -> 8.42 | N11: =ROUND(Loading!N11,2) -> 624 | O11: =Loading!O11 -> 190
B12: =B11+1 -> 10 | C12: =Loading!B12 -> 39562813 | D12: =Loading!E12 -> 2 | E12: =Loading!F12 -> 456 | F12: =Loading!J12 -> 80 | G12: =Loading!K12 -> 20 | H12: =Loading!P12 -> 4 | I12: =ROUND(E12/F12,0) -> 6 | J12: =Loading!C12 -> 54-82-08505-016G | K12: =ROUND(I12/G12,0) -> 0 | L12: =ROUND(F12*G12/N12,2) -> 2.56 | M12: =ROUND(F12*G12/O12,2) -> 8.42 | N12: =ROUND(Loading!N12,2) -> 624 | O12: =Loading!O12 -> 190
B13: =B12+1 -> 11 | C13: =Loading!B13 -> 39595272 | D13: =Loading!E13 -> 1 | E13: =Loading!F13 -> 5551 | F13: =Loading!J13 -> 80 | G13: =Loading!K13 -> 20 | H13: =Loading!P13 -> 4 | I13: =ROUND(E13/F13,0) -> 69 | J13: =Loading!C13 -> 54-82-08087-008G | K13: =ROUND(I13/G13,0) -> 3 | L13: =ROUND(F13*G13/N13,2) -> 1.82 | M13: =ROUND(F13*G13/O13,2) -> 5.33 | N13: =ROUND(Loading!N13,2) -> 877.5 | O13: =Loading!O13 -> 300
B14: =B13+1 -> 12 | C14: =Loading!B14 -> 39563264 | D14: =Loading!E14 -> 1 | E14: =Loading!F14 -> 44174 | F14: =Loading!J14 -> 80 | G14: =Loading!K14 -> 20 | H14: =Loading!P14 -> 4 | I14: =ROUND(E14/F14,0) -> 552 | J14: =Loading!C14 -> 54-82-08087-008G | K14: =ROUND(I14/G14,0) -> 28 | L14: =ROUND(F14*G14/N14,2) -> 1.82 | M14: =ROUND(F14*G14/O14,2) -> 5.33 | N14: =ROUND(Loading!N14,2) -> 877.5 | O14: =Loading!O14 -> 300
B15: =B14+1 -> 13 | C15: =Loading!B15 -> 39569474 | D15: =Loading!E15 -> 2 | E15: =Loading!F15 -> 4557 | F15: =Loading!J15 -> 80 | G15: =Loading!K15 -> 20 | H15: =Loading!P15 -> 4 | I15: =ROUND(E15/F15,0) -> 57 | J15: =Loading!C15 -> 54-82-08206-016G | K15: =ROUND(I15/G15,0) -> 3 | L15: =ROUND(F15*G15/N15,2) -> 2.56 | M15: =ROUND(F15*G15/O15,2) -> 8.42 | N15: =ROUND(Loading!N15,2) -> 624 | O15: =Loading!O15 -> 190
B16: =B15+1 -> 14 | C16: =Loading!B16 -> 39561050 | D16: =Loading!E16 -> 2 | E16: =Loading!F16 -> 1471 | F16: =Loading!J16 -> 80 | G16: =Loading!K16 -> 20 | H16: =Loading!P16 -> 4 | I16: =ROUND(E16/F16,0) -> 18 | J16: =Loading!C16 -> 54-82-08206-016G | K16: =ROUND(I16/G16,0) -> 1 | L16: =ROUND(F16*G16/N16,2) -> 2.56 | M16: =ROUND(F16*G16/O16,2) -> 8.42 | N16: =ROUND(Loading!N16,2) -> 624 | O16: =Loading!O16 -> 190
B17: =B16+1 -> 15 | C17: =Loading!B17 -> 39566658 | D17: =Loading!E17 -> 1 | E17: =Loading!F17 -> 117023 | F17: =Loading!J17 -> 80 | G17: =Loading!K17 -> 20 | H17: =Loading!P17 -> 4 | I17: =ROUND(E17/F17,0) -> 1463 | J17: =Loading!C17 -> 54-82-08141-008G | K17: =ROUND(I17/G17,0) -> 73 | L17: =ROUND(F17*G17/N17,2) -> 1.82 | M17: =ROUND(F17*G17/O17,2) -> 5.33 | N17: =ROUND(Loading!N17,2) -> 877.5 | O17: =Loading!O17 -> 300
B18: =B17+1 -> 16 | C18: =Loading!B18 -> 39567074 | D18: =Loading!E18 -> 1 | E18: =Loading!F18 -> 47843 | F18: =Loading!J18 -> 80 | G18: =Loading!K18 -> 20 | H18: =Loading!P18 -> 4 | I18: =ROUND(E18/F18,0) -> 598 | J18: =Loading!C18 -> 54-82-08301-008G | K18: =ROUND(I18/G18,0) -> 30 | L18: =ROUND(F18*G18/N18,2) -> 1.82 | M18: =ROUND(F18*G18/O18,2) -> 5.33 | N18: =ROUND(Loading!N18,2) -> 877.5 | O18: =Loading!O18 -> 300
B19: =B18+1 -> 17 | C19: =Loading!B19 -> 39595271 | D19: =Loading!E19 -> 1 | E19: =Loading!F19 -> 105051 | F19: =Loading!J19 -> 80 | G19: =Loading!K19 -> 20 | H19: =Loading!P19 -> 4 | I19: =ROUND(E19/F19,0) -> 1313 | J19: =Loading!C19 -> 54-82-08301-008G | K19: =ROUND(I19/G19,0) -> 66 | L19: =ROUND(F19*G19/N19,2) -> 1.82 | M19: =ROUND(F19*G19/O19,2) -> 5.33 | N19: =ROUND(Loading!N19,2) -> 877.5 | O19: =Loading!O19 -> 300
... B142: =B141+1 -> 140 | C142: =Loading!B142 -> 39595265 | D142: =Loading!E142 -> 1 | E142: =Loading!F142 -> 15005 | F142: =Loading!J142 -> 80 | G142: =Loading!K142 -> 20 | H142: =Loading!P142 -> 4 | I142: =ROUND(E142/F142,0) -> 188 | J142: =Loading!C142 -> 54-82-08948-004G | K142: =ROUND(I142/G142,0) -> 9 | L142: =ROUND(F142*G142/N142,2) -> 1.69 | M142: =ROUND(F142*G142/O142,2) -> 5.33 | N142: =ROUND(Loading!N142,2) -> 944.19 | O142: =Loading!O142 -> 300
I143: =SUM(I3:I142) -> 133735
